,1,2,3,4,5,sum,low_sum,high_sum,high_low_ratio
〜2つ半,1.0,0.0,0.0,0.0,0.0,1.0,1.0,0.0,inf
内容が支離滅裂,1.0,0.0,0.0,0.0,0.0,1.0,1.0,0.0,inf
内容も薄い,0.0,1.0,0.0,0.0,0.0,1.0,1.0,0.0,inf
となる本,1.0,0.0,0.0,0.0,0.0,1.0,1.0,0.0,inf
とにかくまわりくどい,1.0,0.0,0.0,0.0,0.0,1.0,1.0,0.0,inf
とのこと,1.0,0.0,0.0,0.0,0.0,1.0,1.0,0.0,inf
とは…,1.0,0.0,0.0,0.0,0.0,1.0,1.0,0.0,inf
内容と思う,1.0,0.0,0.0,0.0,0.0,1.0,1.0,0.0,inf
とほほという感じ,1.0,0.0,0.0,0.0,0.0,1.0,1.0,0.0,inf
内容でした,0.0,3.0,0.0,0.0,0.0,3.0,3.0,0.0,inf
内容である,0.0,1.0,1.0,0.0,0.0,2.0,1.0,0.0,inf
内容が無い,0.0,1.0,0.0,0.0,0.0,1.0,1.0,0.0,inf
と大差ない,0.0,1.0,0.0,0.0,0.0,1.0,1.0,0.0,inf
冷ややかだった,0.0,1.0,0.0,0.0,0.0,1.0,1.0,0.0,inf
内容がない,1.0,0.0,0.0,0.0,0.0,1.0,1.0,0.0,inf
と思う,1.0,0.0,0.0,0.0,0.0,1.0,1.0,0.0,inf
共感しない,1.0,0.0,0.0,0.0,0.0,1.0,1.0,0.0,inf
と思うくらい,1.0,0.0,0.0,0.0,0.0,1.0,1.0,0.0,inf
全く分からない,1.0,0.0,0.0,0.0,0.0,1.0,1.0,0.0,inf
全くわからない,1.0,0.0,0.0,0.0,0.0,1.0,1.0,0.0,inf
個性を出す,1.0,0.0,1.0,0.0,0.0,2.0,1.0,0.0,inf
個性」について,1.0,0.0,0.0,0.0,0.0,1.0,1.0,0.0,inf
と考えます,1.0,0.0,0.0,0.0,0.0,1.0,1.0,0.0,inf
俺の意見,1.0,0.0,0.0,0.0,0.0,1.0,1.0,0.0,inf
再確認できた,1.0,0.0,0.0,0.0,0.0,1.0,1.0,0.0,inf
出ている,0.0,1.0,0.0,0.0,0.0,1.0,1.0,0.0,inf
というものだ,1.0,0.0,0.0,0.0,0.0,1.0,1.0,0.0,inf
といった感想です,0.0,1.0,0.0,0.0,0.0,1.0,1.0,0.0,inf
反応でしょう,1.0,0.0,0.0,0.0,0.0,1.0,1.0,0.0,inf
という皮肉です,1.0,0.0,0.0,0.0,0.0,1.0,1.0,0.0,inf
反応しない,0.0,1.0,0.0,0.0,0.0,1.0,1.0,0.0,inf
去られない,1.0,0.0,0.0,0.0,0.0,1.0,1.0,0.0,inf
という論調です,1.0,0.0,0.0,0.0,0.0,1.0,1.0,0.0,inf
印象が強い,1.0,0.0,0.0,0.0,0.0,1.0,1.0,0.0,inf
単なる雑談集,1.0,0.0,0.0,0.0,0.0,1.0,1.0,0.0,inf
刺激的ですね,1.0,0.0,0.0,0.0,0.0,1.0,1.0,0.0,inf
といったところです,0.0,1.0,0.0,0.0,0.0,1.0,1.0,0.0,inf
別れてます,0.0,1.0,0.0,0.0,0.0,1.0,1.0,0.0,inf
とかですね,1.0,0.0,0.0,0.0,0.0,1.0,1.0,0.0,inf
とても大きかった,1.0,0.0,0.0,0.0,0.0,1.0,1.0,0.0,inf
判断した,1.0,0.0,0.0,0.0,0.0,1.0,1.0,0.0,inf
ときがある,1.0,0.0,1.0,0.0,0.0,2.0,1.0,0.0,inf
ところがある,1.0,0.0,0.0,0.0,0.0,1.0,1.0,0.0,inf
分かりません,1.0,0.0,0.0,0.0,0.0,1.0,1.0,0.0,inf
ところでしょう,1.0,1.0,0.0,0.0,0.0,2.0,2.0,0.0,inf
ところもある,0.0,1.0,1.0,0.0,0.0,2.0,1.0,0.0,inf
分かりづらいです,1.0,0.0,0.0,0.0,0.0,1.0,1.0,0.0,inf
分からなかった,1.0,1.0,1.0,0.0,0.0,3.0,2.0,0.0,inf
刀だね,1.0,0.0,0.0,0.0,0.0,1.0,1.0,0.0,inf
とてもします,0.0,1.0,0.0,0.0,0.0,1.0,1.0,0.0,inf
と言いたい,1.0,0.0,0.0,0.0,0.0,1.0,1.0,0.0,inf
信じられない,1.0,0.0,0.0,0.0,0.0,1.0,1.0,0.0,inf
価値は無い,1.0,0.0,0.0,0.0,0.0,1.0,1.0,0.0,inf
中古で購入,1.0,0.0,0.0,0.0,0.0,1.0,1.0,0.0,inf
ないバカです,1.0,0.0,0.0,0.0,0.0,1.0,1.0,0.0,inf
ない内容です,0.0,1.0,0.0,0.0,0.0,1.0,1.0,0.0,inf
ない批判です,1.0,0.0,0.0,0.0,0.0,1.0,1.0,0.0,inf
ない本です,3.0,0.0,0.0,0.0,0.0,3.0,3.0,0.0,inf
ない状況という,1.0,0.0,0.0,0.0,0.0,1.0,1.0,0.0,inf
ない話です,1.0,0.0,0.0,0.0,0.0,1.0,1.0,0.0,inf
なかった…,1.0,0.0,0.0,0.0,0.0,1.0,1.0,0.0,inf
なかったはず,1.0,0.0,0.0,0.0,0.0,1.0,1.0,0.0,inf
中略,1.0,0.0,0.0,0.0,0.0,1.0,1.0,0.0,inf
なかろうか,0.0,2.0,0.0,0.0,0.0,2.0,2.0,0.0,inf
なくなります,1.0,0.0,0.0,0.0,0.0,1.0,1.0,0.0,inf
価値がない,1.0,0.0,0.0,0.0,0.0,1.0,1.0,0.0,inf
不満を感じる,1.0,0.0,0.0,0.0,0.0,1.0,1.0,0.0,inf
不愉快だった,1.0,0.0,0.0,0.0,0.0,1.0,1.0,0.0,inf
不快でした,2.0,0.0,0.0,0.0,0.0,2.0,2.0,0.0,inf
なことばかり,1.0,0.0,0.0,0.0,0.0,1.0,1.0,0.0,inf
なさそうだ,1.0,0.0,0.0,0.0,0.0,1.0,1.0,0.0,inf
不完全燃焼でした,0.0,1.0,0.0,0.0,0.0,1.0,1.0,0.0,inf
下ろしました,1.0,0.0,0.0,0.0,0.0,1.0,1.0,0.0,inf
なってください,0.0,1.0,0.0,0.0,0.0,1.0,1.0,0.0,inf
なってしまう,2.0,1.0,1.0,0.0,0.0,4.0,3.0,0.0,inf
なとか,1.0,0.0,0.0,0.0,0.0,1.0,1.0,0.0,inf
中身が浅い,2.0,0.0,0.0,0.0,0.0,2.0,2.0,0.0,inf
中身が無い,1.0,0.0,0.0,0.0,0.0,1.0,1.0,0.0,inf
ないような,0.0,2.0,0.0,0.0,0.0,2.0,2.0,0.0,inf
事請け合いです,1.0,0.0,0.0,0.0,0.0,1.0,1.0,0.0,inf
作家の戯言,1.0,0.0,0.0,0.0,0.0,1.0,1.0,0.0,inf
余計なお世話です,1.0,0.0,0.0,0.0,0.0,1.0,1.0,0.0,inf
と驚いた,1.0,0.0,0.0,0.0,0.0,1.0,1.0,0.0,inf
何一つ残らない,1.0,0.0,0.0,0.0,0.0,1.0,1.0,0.0,inf
どうもいただけない,0.0,1.0,0.0,0.0,0.0,1.0,1.0,0.0,inf
な…？,1.0,0.0,0.0,0.0,0.0,1.0,1.0,0.0,inf
なぁと思う,1.0,0.0,0.0,0.0,0.0,1.0,1.0,0.0,inf
なあと思う,0.0,1.0,0.0,0.0,0.0,1.0,1.0,0.0,inf
ない,1.0,0.0,0.0,0.0,0.0,1.0,1.0,0.0,inf
ないかです,1.0,0.0,0.0,0.0,0.0,1.0,1.0,0.0,inf
以下,1.0,0.0,0.0,0.0,0.0,1.0,1.0,0.0,inf
以上,1.0,1.0,0.0,0.0,0.0,2.0,2.0,0.0,inf
ないことです,1.0,0.0,1.0,0.0,0.0,2.0,1.0,0.0,inf
ないですか,2.0,0.0,0.0,0.0,0.0,2.0,2.0,0.0,inf
ないですよ,1.0,0.0,0.0,0.0,0.0,1.0,1.0,0.0,inf
今さらです,1.0,0.0,0.0,0.0,0.0,1.0,1.0,0.0,inf
ないのか,0.0,1.0,1.0,0.0,0.0,2.0,1.0,0.0,inf
五十歩百歩である,0.0,1.0,0.0,0.0,0.0,1.0,1.0,0.0,inf
ないはずだ,1.0,0.0,0.0,0.0,0.0,1.0,1.0,0.0,inf
ないはずです,1.0,0.0,0.0,0.0,0.0,1.0,1.0,0.0,inf
ないようだ,0.0,1.0,0.0,0.0,0.0,1.0,1.0,0.0,inf
反証でした,1.0,0.0,0.0,0.0,0.0,1.0,1.0,0.0,inf
収穫でした,0.0,1.0,0.0,0.0,0.0,1.0,1.0,0.0,inf
・人間論」,1.0,0.0,0.0,0.0,0.0,1.0,1.0,0.0,inf
て面白いです,0.0,1.0,0.0,0.0,0.0,1.0,1.0,0.0,inf
怒るだろう,0.0,1.0,0.0,0.0,0.0,1.0,1.0,0.0,inf
てるの？,1.0,0.0,0.0,0.0,0.0,1.0,1.0,0.0,inf
てるみたいだ,1.0,0.0,0.0,0.0,0.0,1.0,1.0,0.0,inf
得ました,1.0,0.0,0.0,0.0,0.0,1.0,1.0,0.0,inf
て不快だ,0.0,1.0,0.0,0.0,0.0,1.0,1.0,0.0,inf
後悔した,1.0,0.0,0.0,0.0,0.0,1.0,1.0,0.0,inf
て欲しいね,1.0,0.0,0.0,0.0,0.0,1.0,1.0,0.0,inf
て欲しかった,1.0,1.0,0.0,0.0,0.0,2.0,2.0,0.0,inf
役に立ちません,1.0,0.0,0.0,0.0,0.0,1.0,1.0,0.0,inf
て貰った,1.0,0.0,0.0,0.0,0.0,1.0,1.0,0.0,inf
当然でしょう,1.0,0.0,0.0,0.0,0.0,1.0,1.0,0.0,inf
てほしかった,1.0,0.0,0.0,0.0,0.0,1.0,1.0,0.0,inf
広いですなー,0.0,1.0,0.0,0.0,0.0,1.0,1.0,0.0,inf
平凡極まる内容,1.0,0.0,0.0,0.0,0.0,1.0,1.0,0.0,inf
少しガッカリです,0.0,1.0,0.0,0.0,0.0,1.0,1.0,0.0,inf
尊重せよと,1.0,0.0,0.0,0.0,0.0,1.0,1.0,0.0,inf
であるらしい,0.0,1.0,0.0,0.0,0.0,1.0,1.0,0.0,inf
でいいのに,1.0,0.0,0.0,0.0,0.0,1.0,1.0,0.0,inf
でいます,1.0,0.0,0.0,0.0,0.0,1.0,1.0,0.0,inf
できそうです,1.0,0.0,0.0,0.0,0.0,1.0,1.0,0.0,inf
宣伝が良い,1.0,0.0,0.0,0.0,0.0,1.0,1.0,0.0,inf
できないから,1.0,0.0,0.0,0.0,0.0,1.0,1.0,0.0,inf
てました,1.0,0.0,0.0,0.0,0.0,1.0,1.0,0.0,inf
てはいない,0.0,1.0,1.0,0.0,0.0,2.0,1.0,0.0,inf
というところか,2.0,0.0,0.0,0.0,0.0,2.0,2.0,0.0,inf
思ってます,0.0,1.0,0.0,0.0,0.0,1.0,1.0,0.0,inf
ていない,4.0,2.0,0.0,0.0,0.0,6.0,6.0,0.0,inf
思考停止に陥る,1.0,0.0,0.0,0.0,0.0,1.0,1.0,0.0,inf
ている),1.0,0.0,0.0,0.0,0.0,1.0,1.0,0.0,inf
思想も同じ,1.0,0.0,0.0,0.0,0.0,1.0,1.0,0.0,inf
思わせます,1.0,0.0,0.0,0.0,0.0,1.0,1.0,0.0,inf
思わされる内容,0.0,1.0,0.0,0.0,0.0,1.0,1.0,0.0,inf
ているだけ,2.0,0.0,0.0,0.0,0.0,2.0,2.0,0.0,inf
思わされた,1.0,0.0,0.0,0.0,0.0,1.0,1.0,0.0,inf
ている人,1.0,0.0,0.0,0.0,0.0,1.0,1.0,0.0,inf
ている感じ,1.0,0.0,0.0,0.0,0.0,1.0,1.0,0.0,inf
思ってください,0.0,1.0,0.0,0.0,0.0,1.0,1.0,0.0,inf
ては…,1.0,0.0,0.0,0.0,0.0,1.0,1.0,0.0,inf
ておこう,1.0,0.0,0.0,0.0,0.0,1.0,1.0,0.0,inf
ておられる,0.0,1.0,0.0,0.0,0.0,1.0,1.0,0.0,inf
思った,0.0,1.0,0.0,0.0,0.0,1.0,1.0,0.0,inf
思い込みすぎ,1.0,0.0,0.0,0.0,0.0,1.0,1.0,0.0,inf
思い知らされた,1.0,0.0,0.0,0.0,0.0,1.0,1.0,0.0,inf
思い出しました,0.0,1.0,0.0,0.0,0.0,1.0,1.0,0.0,inf
思います！,1.0,0.0,0.0,0.0,0.0,1.0,1.0,0.0,inf
ましたし,1.0,0.0,0.0,0.0,0.0,1.0,1.0,0.0,inf
てないけど,1.0,0.0,0.0,0.0,0.0,1.0,1.0,0.0,inf
てな感じ,1.0,0.0,0.0,0.0,0.0,1.0,1.0,0.0,inf
できないな,1.0,0.0,0.0,0.0,0.0,1.0,1.0,0.0,inf
できない本,1.0,0.0,0.0,0.0,0.0,1.0,1.0,0.0,inf
実際います,0.0,1.0,0.0,0.0,0.0,1.0,1.0,0.0,inf
圧巻です,1.0,0.0,0.0,0.0,0.0,1.0,1.0,0.0,inf
多く見られる,1.0,0.0,0.0,0.0,0.0,1.0,1.0,0.0,inf
多いですね,1.0,0.0,0.0,0.0,0.0,1.0,1.0,0.0,inf
多々あった,1.0,0.0,0.0,0.0,0.0,1.0,1.0,0.0,inf
外された,1.0,0.0,0.0,0.0,0.0,1.0,1.0,0.0,inf
でもなし,1.0,0.0,0.0,0.0,0.0,1.0,1.0,0.0,inf
でやめた,1.0,0.0,0.0,0.0,0.0,1.0,1.0,0.0,inf
変わらなかった,1.0,0.0,0.0,0.0,0.0,1.0,1.0,0.0,inf
で分かります,1.0,0.0,0.0,0.0,0.0,1.0,1.0,0.0,inf
売ってください,1.0,0.0,0.0,0.0,0.0,1.0,1.0,0.0,inf
垂れ流される,1.0,0.0,0.0,0.0,0.0,1.0,1.0,0.0,inf
で落とす手法,1.0,0.0,0.0,0.0,0.0,1.0,1.0,0.0,inf
実害はありません,0.0,1.0,0.0,0.0,0.0,1.0,1.0,0.0,inf
で見つかるかも,1.0,0.0,0.0,0.0,0.0,1.0,1.0,0.0,inf
問題はほったらかし,0.0,1.0,0.0,0.0,0.0,1.0,1.0,0.0,inf
で読んだ,0.0,1.0,0.0,0.0,0.0,1.0,1.0,0.0,inf
で退屈です,1.0,0.0,0.0,0.0,0.0,1.0,1.0,0.0,inf
で過激です,1.0,0.0,0.0,0.0,0.0,1.0,1.0,0.0,inf
で面白かった,0.0,1.0,0.0,0.0,0.0,1.0,1.0,0.0,inf
唯物論的世界観,0.0,1.0,0.0,0.0,0.0,1.0,1.0,0.0,inf
呼べるだろう,1.0,0.0,0.0,0.0,0.0,1.0,1.0,0.0,inf
合わなかった,0.0,1.0,0.0,0.0,0.0,1.0,1.0,0.0,inf
取捨選択するもの,1.0,0.0,0.0,0.0,0.0,1.0,1.0,0.0,inf
大変不愉快です,1.0,0.0,0.0,0.0,0.0,1.0,1.0,0.0,inf
奴はいない,1.0,0.0,0.0,0.0,0.0,1.0,1.0,0.0,inf
でますよ,1.0,0.0,0.0,0.0,0.0,1.0,1.0,0.0,inf
でほしかった,1.0,0.0,0.0,0.0,0.0,1.0,1.0,0.0,inf
できません,1.0,0.0,0.0,0.0,0.0,1.0,1.0,0.0,inf
できようか,1.0,0.0,0.0,0.0,0.0,1.0,1.0,0.0,inf
実は無内容,1.0,0.0,0.0,0.0,0.0,1.0,1.0,0.0,inf
定義も曖昧,1.0,0.0,0.0,0.0,0.0,1.0,1.0,0.0,inf
学者が著者,0.0,1.0,0.0,0.0,0.0,1.0,1.0,0.0,inf
でしかない,2.0,0.0,1.0,0.0,0.0,3.0,2.0,0.0,inf
でした…,0.0,1.0,0.0,0.0,0.0,1.0,1.0,0.0,inf
でしたが,1.0,0.0,0.0,0.0,0.0,1.0,1.0,0.0,inf
でしたね,3.0,0.0,0.0,0.0,0.0,3.0,3.0,0.0,inf
存在である,1.0,0.0,0.0,0.0,0.0,1.0,1.0,0.0,inf
でしょうねえ,1.0,0.0,0.0,0.0,0.0,1.0,1.0,0.0,inf
存在します,1.0,0.0,0.0,0.0,0.0,1.0,1.0,0.0,inf
ですからね,0.0,1.0,0.0,0.0,0.0,1.0,1.0,0.0,inf
ですねちょっと,1.0,0.0,0.0,0.0,0.0,1.0,1.0,0.0,inf
姿である,1.0,0.0,0.0,0.0,0.0,1.0,1.0,0.0,inf
妙ですね,1.0,0.0,0.0,0.0,0.0,1.0,1.0,0.0,inf
ですよねー,0.0,1.0,0.0,0.0,0.0,1.0,1.0,0.0,inf
妄言を吐く,1.0,0.0,0.0,0.0,0.0,1.0,1.0,0.0,inf
ではたまらない,1.0,0.0,0.0,0.0,0.0,1.0,1.0,0.0,inf
妄言が続く,1.0,0.0,0.0,0.0,0.0,1.0,1.0,0.0,inf
では？,1.0,0.0,0.0,0.0,0.0,1.0,1.0,0.0,inf
一切買わない,0.0,1.0,0.0,0.0,0.0,1.0,1.0,0.0,inf
・・？,1.0,0.0,0.0,0.0,0.0,1.0,1.0,0.0,inf
性はない,0.0,1.0,0.0,0.0,0.0,1.0,1.0,0.0,inf
はずもない,1.0,0.0,0.0,0.0,0.0,1.0,1.0,0.0,inf
の連続です,0.0,1.0,0.0,0.0,0.0,1.0,1.0,0.0,inf
の重み」,1.0,0.0,0.0,0.0,0.0,1.0,1.0,0.0,inf
の釣りです,1.0,0.0,0.0,0.0,0.0,1.0,1.0,0.0,inf
ように思える,0.0,2.0,0.0,0.0,0.0,2.0,2.0,0.0,inf
ような本,1.0,0.0,0.0,0.0,0.0,1.0,1.0,0.0,inf
ような内容,1.0,0.0,0.0,0.0,0.0,1.0,1.0,0.0,inf
はこうだ,0.0,1.0,0.0,0.0,0.0,1.0,1.0,0.0,inf
はじめました,1.0,0.0,0.0,0.0,0.0,1.0,1.0,0.0,inf
はずである,3.0,0.0,0.0,0.0,0.0,3.0,3.0,0.0,inf
はずはない,0.0,1.0,0.0,0.0,0.0,1.0,1.0,0.0,inf
ようである,2.0,2.0,0.0,0.0,0.0,4.0,4.0,0.0,inf
の責任か,1.0,0.0,0.0,0.0,0.0,1.0,1.0,0.0,inf
よい例です,1.0,0.0,1.0,0.0,0.0,2.0,1.0,0.0,inf
はと思う,1.0,0.0,0.0,0.0,0.0,1.0,1.0,0.0,inf
はなかった,2.0,0.0,3.0,0.0,0.0,5.0,2.0,0.0,inf
ややシニカルです,1.0,0.0,0.0,0.0,0.0,1.0,1.0,0.0,inf
はほとんど無い,0.0,1.0,0.0,0.0,0.0,1.0,1.0,0.0,inf
はもってこいです,0.0,1.0,0.0,0.0,0.0,1.0,1.0,0.0,inf
はよくわかる,0.0,1.0,0.0,0.0,0.0,1.0,1.0,0.0,inf
やっぱり,1.0,0.0,0.0,0.0,0.0,1.0,1.0,0.0,inf
はわからない,1.0,0.0,0.0,0.0,0.0,1.0,1.0,0.0,inf
やすいタイプです,0.0,1.0,0.0,0.0,0.0,1.0,1.0,0.0,inf
の通りです,1.0,0.0,0.0,0.0,0.0,1.0,1.0,0.0,inf
の話だ,1.0,0.0,0.0,0.0,0.0,1.0,1.0,0.0,inf
わかるでしょう,1.0,0.0,0.0,0.0,0.0,1.0,1.0,0.0,inf
の事を,0.0,1.0,0.0,0.0,0.0,1.0,1.0,0.0,inf
のを思い出す,1.0,0.0,0.0,0.0,0.0,1.0,1.0,0.0,inf
のイメージです,0.0,1.0,0.0,0.0,0.0,1.0,1.0,0.0,inf
のエッセイ本,1.0,0.0,0.0,0.0,0.0,1.0,1.0,0.0,inf
わかりません,0.0,1.0,0.0,0.0,0.0,1.0,1.0,0.0,inf
わかりにくい内容,1.0,0.0,0.0,0.0,0.0,1.0,1.0,0.0,inf
わからない,0.0,1.0,0.0,0.0,0.0,1.0,1.0,0.0,inf
の一言です,0.0,2.0,0.0,0.0,0.0,2.0,2.0,0.0,inf
の一部のみ,1.0,0.0,0.0,0.0,0.0,1.0,1.0,0.0,inf
の主張です,1.0,0.0,0.0,0.0,0.0,1.0,1.0,0.0,inf
わかってること,1.0,0.0,0.0,0.0,0.0,1.0,1.0,0.0,inf
れてます,1.0,0.0,0.0,0.0,0.0,1.0,1.0,0.0,inf
よくわかります,2.0,0.0,1.0,0.0,0.0,3.0,2.0,0.0,inf
れてしまう,1.0,0.0,0.0,0.0,0.0,1.0,1.0,0.0,inf
られる本です,0.0,1.0,1.0,0.0,0.0,2.0,1.0,0.0,inf
られるだろう,1.0,0.0,0.0,0.0,0.0,1.0,1.0,0.0,inf
の愚痴です,1.0,0.0,0.0,0.0,0.0,1.0,1.0,0.0,inf
の愚痴みたい,3.0,0.0,0.0,0.0,0.0,3.0,3.0,0.0,inf
よってだけ,1.0,0.0,0.0,0.0,0.0,1.0,1.0,0.0,inf
よく分からない,1.0,0.0,0.0,0.0,0.0,1.0,1.0,0.0,inf
の本です,3.0,0.0,1.0,0.0,0.0,4.0,3.0,0.0,inf
の皮肉か,1.0,0.0,0.0,0.0,0.0,1.0,1.0,0.0,inf
の良いかも,1.0,0.0,0.0,0.0,0.0,1.0,1.0,0.0,inf
も言わず,1.0,0.0,0.0,0.0,0.0,1.0,1.0,0.0,inf
も見受けられる,0.0,1.0,0.0,0.0,0.0,1.0,1.0,0.0,inf
は人それぞれ,1.0,0.0,0.0,0.0,0.0,1.0,1.0,0.0,inf
べきものか,0.0,1.0,0.0,0.0,0.0,1.0,1.0,0.0,inf
は表れます,0.0,1.0,0.0,0.0,0.0,1.0,1.0,0.0,inf
は言いがたい,0.0,1.0,0.0,0.0,0.0,1.0,1.0,0.0,inf
もなかった,1.0,0.0,0.0,0.0,0.0,1.0,1.0,0.0,inf
もう止そう,0.0,1.0,0.0,0.0,0.0,1.0,1.0,0.0,inf
もいます,0.0,1.0,0.0,0.0,0.0,1.0,1.0,0.0,inf
むいている,1.0,0.0,0.0,0.0,0.0,1.0,1.0,0.0,inf
まで続きます,1.0,0.0,0.0,0.0,0.0,1.0,1.0,0.0,inf
まだ許せる,1.0,0.0,0.0,0.0,0.0,1.0,1.0,0.0,inf
ふしがある,1.0,0.0,0.0,0.0,0.0,1.0,1.0,0.0,inf
ません．,1.0,0.0,0.0,0.0,0.0,1.0,1.0,0.0,inf
ほうがいい,0.0,1.0,0.0,0.0,0.0,1.0,1.0,0.0,inf
も疑問です,0.0,1.0,0.0,0.0,0.0,1.0,1.0,0.0,inf
ほうがよい,1.0,0.0,0.0,0.0,0.0,1.0,1.0,0.0,inf
ませんよ,1.0,0.0,0.0,0.0,0.0,1.0,1.0,0.0,inf
ません…,1.0,0.0,0.0,0.0,0.0,1.0,1.0,0.0,inf
ほしかったです,1.0,0.0,0.0,0.0,0.0,1.0,1.0,0.0,inf
ほしかったなあ,0.0,1.0,0.0,0.0,0.0,1.0,1.0,0.0,inf
ほんとがっかり,1.0,0.0,0.0,0.0,0.0,1.0,1.0,0.0,inf
ぼくは思う,0.0,1.0,0.0,0.0,0.0,1.0,1.0,0.0,inf
ましょう！,2.0,0.0,0.0,0.0,0.0,2.0,2.0,0.0,inf
まいりました,0.0,1.0,0.0,0.0,0.0,1.0,1.0,0.0,inf
ましである,1.0,0.0,0.0,0.0,0.0,1.0,1.0,0.0,inf
は苦痛です,1.0,0.0,0.0,0.0,0.0,1.0,1.0,0.0,inf
もなります,0.0,1.0,0.0,0.0,0.0,1.0,1.0,0.0,inf
は考えた,1.0,0.0,0.0,0.0,0.0,1.0,1.0,0.0,inf
は絶妙です,1.0,0.0,0.0,0.0,0.0,1.0,1.0,0.0,inf
は伝えたい,1.0,0.0,0.0,0.0,0.0,1.0,1.0,0.0,inf
も異なります,1.0,0.0,0.0,0.0,0.0,1.0,1.0,0.0,inf
は初めてだ,1.0,0.0,0.0,0.0,0.0,1.0,1.0,0.0,inf
も残らない,1.0,0.0,0.0,0.0,0.0,1.0,1.0,0.0,inf
は堪らない,0.0,1.0,0.0,0.0,0.0,1.0,1.0,0.0,inf
も星ひとつ,1.0,0.0,0.0,0.0,0.0,1.0,1.0,0.0,inf
も多かった,0.0,1.0,0.0,0.0,0.0,1.0,1.0,0.0,inf
は常識レベル,1.0,0.0,0.0,0.0,0.0,1.0,1.0,0.0,inf
もわからない,0.0,1.0,0.0,0.0,0.0,1.0,1.0,0.0,inf
は思えない,2.0,2.0,1.0,0.0,0.0,5.0,4.0,0.0,inf
もらいました,0.0,1.0,0.0,0.0,0.0,1.0,1.0,0.0,inf
もまた事実,0.0,1.0,0.0,0.0,0.0,1.0,1.0,0.0,inf
は抑えがたい,0.0,1.0,0.0,0.0,0.0,1.0,1.0,0.0,inf
は最初のみ,1.0,0.0,0.0,0.0,0.0,1.0,1.0,0.0,inf
ものの繰り返しです,0.0,1.0,0.0,0.0,0.0,1.0,1.0,0.0,inf
は正解です,1.0,0.0,0.0,0.0,0.0,1.0,1.0,0.0,inf
は活けない,1.0,0.0,0.0,0.0,0.0,1.0,1.0,0.0,inf
は無かった,1.0,0.0,0.0,0.0,0.0,1.0,1.0,0.0,inf
ものだそうだ,1.0,0.0,0.0,0.0,0.0,1.0,1.0,0.0,inf
ものすごい期待はずれ,1.0,0.0,0.0,0.0,0.0,1.0,1.0,0.0,inf
ものが多い,2.0,0.0,0.0,0.0,0.0,2.0,2.0,0.0,inf
のような,1.0,0.0,0.0,0.0,0.0,1.0,1.0,0.0,inf
わけですが,0.0,1.0,0.0,0.0,0.0,1.0,1.0,0.0,inf
なので捨てます,1.0,0.0,0.0,0.0,0.0,1.0,1.0,0.0,inf
になりたい,0.0,1.0,0.0,0.0,0.0,1.0,1.0,0.0,inf
な矛盾点,1.0,0.0,0.0,0.0,0.0,1.0,1.0,0.0,inf
な読後感です,1.0,0.0,0.0,0.0,0.0,1.0,1.0,0.0,inf
にあった,0.0,1.0,0.0,0.0,0.0,1.0,1.0,0.0,inf
ツッコミどころ満載です,1.0,0.0,0.0,0.0,0.0,1.0,1.0,0.0,inf
タイトルでした,0.0,1.0,0.0,0.0,0.0,1.0,1.0,0.0,inf
にくいことこの上ない,1.0,0.0,0.0,0.0,0.0,1.0,1.0,0.0,inf
ストレスを感じる,1.0,0.0,0.0,0.0,0.0,1.0,1.0,0.0,inf
ジョークですね,1.0,0.0,0.0,0.0,0.0,1.0,1.0,0.0,inf
にすむ本,1.0,0.0,0.0,0.0,0.0,1.0,1.0,0.0,inf
ザラですから,1.0,0.0,0.0,0.0,0.0,1.0,1.0,0.0,inf
ゴミ箱行きです,1.0,0.0,0.0,0.0,0.0,1.0,1.0,0.0,inf
トンデモ本”です,1.0,0.0,0.0,0.0,0.0,1.0,1.0,0.0,inf
コントロールできた,1.0,0.0,0.0,0.0,0.0,1.0,1.0,0.0,inf
キツイと思う,1.0,0.0,0.0,0.0,0.0,1.0,1.0,0.0,inf
オブジェである,0.0,1.0,0.0,0.0,0.0,1.0,1.0,0.0,inf
にはある,2.0,0.0,0.0,0.0,0.0,2.0,2.0,0.0,inf
にはなる,0.0,1.0,0.0,0.0,0.0,1.0,1.0,0.0,inf
オチがない,1.0,0.0,0.0,0.0,0.0,1.0,1.0,0.0,inf
にもなる,0.0,1.0,0.0,0.0,0.0,1.0,1.0,0.0,inf
エンジョイできます,1.0,0.0,0.0,0.0,0.0,1.0,1.0,0.0,inf
エレファントマン」です,0.0,1.0,0.0,0.0,0.0,1.0,1.0,0.0,inf
にオススメする,0.0,1.0,0.0,0.0,0.0,1.0,1.0,0.0,inf
ツボだよ,1.0,0.0,0.0,0.0,0.0,1.0,1.0,0.0,inf
ナンボですね,0.0,1.0,0.0,0.0,0.0,1.0,1.0,0.0,inf
のもおもしろい,1.0,0.0,0.0,0.0,0.0,1.0,1.0,0.0,inf
バカ売れした,1.0,0.0,0.0,0.0,0.0,1.0,1.0,0.0,inf
・・),1.0,0.0,0.0,0.0,0.0,1.0,1.0,0.0,inf
なままです,1.0,0.0,0.0,0.0,0.0,1.0,1.0,0.0,inf
マジで,1.0,0.0,0.0,0.0,0.0,1.0,1.0,0.0,inf
マシでしょう,1.0,0.0,0.0,0.0,0.0,1.0,1.0,0.0,inf
プラトンのイデア,1.0,0.0,0.0,0.0,0.0,1.0,1.0,0.0,inf
ファンだった,1.0,0.0,0.0,0.0,0.0,1.0,1.0,0.0,inf
なるだろう,0.0,1.0,0.0,0.0,0.0,1.0,1.0,0.0,inf
なるといえる,0.0,1.0,0.0,0.0,0.0,1.0,1.0,0.0,inf
ヒントがない,1.0,0.0,0.0,0.0,0.0,1.0,1.0,0.0,inf
なるなど――,1.0,0.0,0.0,0.0,0.0,1.0,1.0,0.0,inf
なる位だ,1.0,0.0,0.0,0.0,0.0,1.0,1.0,0.0,inf
ネタが古い,1.0,0.0,0.0,0.0,0.0,1.0,1.0,0.0,inf
バカは困る,1.0,0.0,0.0,0.0,0.0,1.0,1.0,0.0,inf
なる本です,1.0,0.0,0.0,0.0,0.0,1.0,1.0,0.0,inf
なれなかった,1.0,1.0,0.0,0.0,0.0,2.0,2.0,0.0,inf
なわけです,1.0,0.0,0.0,0.0,0.0,1.0,1.0,0.0,inf
バカの壁だと,1.0,0.0,0.0,0.0,0.0,1.0,1.0,0.0,inf
なんでだろう,1.0,0.0,0.0,0.0,0.0,1.0,1.0,0.0,inf
な内容だ,1.0,0.0,0.0,0.0,0.0,1.0,1.0,0.0,inf
バカの壁かも,1.0,0.0,0.0,0.0,0.0,1.0,1.0,0.0,inf
な感じです,0.0,1.0,0.0,0.0,0.0,1.0,1.0,0.0,inf
バイアスがかかる,1.0,0.0,0.0,0.0,0.0,1.0,1.0,0.0,inf
に下がります,0.0,1.0,0.0,0.0,0.0,1.0,1.0,0.0,inf
イライラして,1.0,0.0,0.0,0.0,0.0,1.0,1.0,0.0,inf
に分かります,1.0,0.0,0.0,0.0,0.0,1.0,1.0,0.0,inf
を搾取する,1.0,0.0,0.0,0.0,0.0,1.0,1.0,0.0,inf
を覚えた,2.0,0.0,0.0,0.0,0.0,2.0,2.0,0.0,inf
のかと,2.0,0.0,0.0,0.0,0.0,2.0,2.0,0.0,inf
のかなー,1.0,0.0,0.0,0.0,0.0,1.0,1.0,0.0,inf
のかも…,0.0,1.0,0.0,0.0,0.0,1.0,1.0,0.0,inf
のか疑わしい,1.0,0.0,0.0,0.0,0.0,1.0,1.0,0.0,inf
を示さない,1.0,0.0,0.0,0.0,0.0,1.0,1.0,0.0,inf
のが残念,0.0,1.0,1.0,0.0,0.0,2.0,1.0,0.0,inf
のことです,0.0,1.0,0.0,0.0,0.0,1.0,1.0,0.0,inf
を決めつけすぎ,1.0,0.0,0.0,0.0,0.0,1.0,1.0,0.0,inf
のだが,1.0,0.0,0.0,0.0,0.0,1.0,1.0,0.0,inf
を思い出した,1.0,0.0,0.0,0.0,0.0,1.0,1.0,0.0,inf
に多かった,1.0,0.0,0.0,0.0,0.0,1.0,1.0,0.0,inf
を得ない,0.0,1.0,1.0,0.0,0.0,2.0,1.0,0.0,inf
のですよ,1.0,0.0,0.0,0.0,0.0,1.0,1.0,0.0,inf
を得た,1.0,0.0,0.0,0.0,0.0,1.0,1.0,0.0,inf
を再確認し,1.0,0.0,0.0,0.0,0.0,1.0,1.0,0.0,inf
のないベストセラー,0.0,1.0,0.0,0.0,0.0,1.0,1.0,0.0,inf
をお奨めする,0.0,1.0,0.0,0.0,0.0,1.0,1.0,0.0,inf
のはサギ,1.0,0.0,0.0,0.0,0.0,1.0,1.0,0.0,inf
をえない,0.0,2.0,0.0,0.0,0.0,2.0,2.0,0.0,inf
わずか７歳,1.0,0.0,0.0,0.0,0.0,1.0,1.0,0.0,inf
のは止める,1.0,0.0,0.0,0.0,0.0,1.0,1.0,0.0,inf
ぬぐえなかった,0.0,1.0,0.0,0.0,0.0,1.0,1.0,0.0,inf
に驚いた,0.0,1.0,0.0,0.0,0.0,1.0,1.0,0.0,inf
に面白かった,1.0,0.0,0.0,0.0,0.0,1.0,1.0,0.0,inf
に陥ります,1.0,0.0,0.0,0.0,0.0,1.0,1.0,0.0,inf
イマイチでした,0.0,1.0,0.0,0.0,0.0,1.0,1.0,0.0,inf
イデアでしょう,1.0,0.0,0.0,0.0,0.0,1.0,1.0,0.0,inf
に思えた,1.0,0.0,0.0,0.0,0.0,1.0,1.0,0.0,inf
に感じた,2.0,0.0,0.0,0.0,0.0,2.0,2.0,0.0,inf
んですが,1.0,0.0,0.0,0.0,0.0,1.0,1.0,0.0,inf
んですか,1.0,0.0,0.0,0.0,0.0,1.0,1.0,0.0,inf
に感じ取れます,1.0,0.0,0.0,0.0,0.0,1.0,1.0,0.0,inf
に拍手!,1.0,0.0,0.0,0.0,0.0,1.0,1.0,0.0,inf
に書き込みます,0.0,1.0,0.0,0.0,0.0,1.0,1.0,0.0,inf
に期待です,0.0,1.0,0.0,0.0,0.0,1.0,1.0,0.0,inf
に欠きます,1.0,0.0,0.0,0.0,0.0,1.0,1.0,0.0,inf
んだろう,1.0,1.0,0.0,0.0,0.0,2.0,2.0,0.0,inf
んだよ,1.0,0.0,0.0,0.0,0.0,1.0,1.0,0.0,inf
を食らった,1.0,0.0,0.0,0.0,0.0,1.0,1.0,0.0,inf
に耐えない,1.0,0.0,0.0,0.0,0.0,1.0,1.0,0.0,inf
に見られる,1.0,0.0,0.0,0.0,0.0,1.0,1.0,0.0,inf
に言いたい,1.0,0.0,0.0,0.0,0.0,1.0,1.0,0.0,inf
に読みづらい,1.0,0.0,0.0,0.0,0.0,1.0,1.0,0.0,inf
を読もう,1.0,0.0,0.0,0.0,0.0,1.0,1.0,0.0,inf
に近い…,0.0,1.0,0.0,0.0,0.0,1.0,1.0,0.0,inf
に近い事柄,1.0,0.0,0.0,0.0,0.0,1.0,1.0,0.0,inf
ていった,1.0,0.0,0.0,0.0,0.0,1.0,1.0,0.0,inf
てないから,1.0,0.0,0.0,0.0,0.0,1.0,1.0,0.0,inf
ていきます,1.0,0.0,0.0,0.0,0.0,1.0,1.0,0.0,inf
甚だ疑問です,1.0,0.0,0.0,0.0,0.0,1.0,1.0,0.0,inf
がっかりした,2.0,0.0,0.0,0.0,0.0,2.0,2.0,0.0,inf
がつきます,1.0,0.0,0.0,0.0,0.0,1.0,1.0,0.0,inf
ができます,1.0,0.0,3.0,0.0,0.0,4.0,1.0,0.0,inf
良くわからない,1.0,0.0,0.0,0.0,0.0,1.0,1.0,0.0,inf
良いそうです,1.0,0.0,0.0,0.0,0.0,1.0,1.0,0.0,inf
がないです,1.0,0.0,0.0,0.0,0.0,1.0,1.0,0.0,inf
がないと,1.0,0.0,0.0,0.0,0.0,1.0,1.0,0.0,inf
がぷんぷんする,1.0,0.0,0.0,0.0,0.0,1.0,1.0,0.0,inf
がほとんどない,1.0,0.0,0.0,0.0,0.0,1.0,1.0,0.0,inf
がまったくない,1.0,0.0,0.0,0.0,0.0,1.0,1.0,0.0,inf
がまるでない,1.0,0.0,0.0,0.0,0.0,1.0,1.0,0.0,inf
がよくない,1.0,0.0,0.0,0.0,0.0,1.0,1.0,0.0,inf
自身である,1.0,0.0,0.0,0.0,0.0,1.0,1.0,0.0,inf
がウジャウジャ！,1.0,0.0,0.0,0.0,0.0,1.0,1.0,0.0,inf
がベストセラーなんだろう,1.0,0.0,0.0,0.0,0.0,1.0,1.0,0.0,inf
がメチャクチャです,1.0,0.0,0.0,0.0,0.0,1.0,1.0,0.0,inf
が・・,1.0,1.0,0.0,0.0,0.0,2.0,2.0,0.0,inf
が何より痛い,0.0,1.0,0.0,0.0,0.0,1.0,1.0,0.0,inf
自由である,0.0,1.0,0.0,0.0,0.0,1.0,1.0,0.0,inf
脳のしわざ,0.0,1.0,0.0,0.0,0.0,1.0,1.0,0.0,inf
能力です」,1.0,0.0,0.0,0.0,0.0,1.0,1.0,0.0,inf
背景のほう,1.0,0.0,0.0,0.0,0.0,1.0,1.0,0.0,inf
が多いか,1.0,0.0,0.0,0.0,0.0,1.0,1.0,0.0,inf
苦しい,1.0,0.0,0.0,0.0,0.0,1.0,1.0,0.0,inf
落ちた次第,1.0,0.0,0.0,0.0,0.0,1.0,1.0,0.0,inf
がした,2.0,1.0,0.0,0.0,0.0,3.0,3.0,0.0,inf
見えている,1.0,0.0,0.0,0.0,0.0,1.0,1.0,0.0,inf
言いたくなる,0.0,1.0,0.0,0.0,0.0,1.0,1.0,0.0,inf
見られます,1.0,0.0,0.0,0.0,0.0,1.0,1.0,0.0,inf
見つけてください,0.0,1.0,0.0,0.0,0.0,1.0,1.0,0.0,inf
見せた本,1.0,0.0,0.0,0.0,0.0,1.0,1.0,0.0,inf
かどうか,1.0,0.0,0.0,0.0,0.0,1.0,1.0,0.0,inf
かな,1.0,0.0,0.0,0.0,0.0,1.0,1.0,0.0,inf
かなり貧粗,0.0,1.0,0.0,0.0,0.0,1.0,1.0,0.0,inf
かな？,1.0,0.0,0.0,0.0,0.0,1.0,1.0,0.0,inf
かね？,0.0,1.0,0.0,0.0,0.0,1.0,1.0,0.0,inf
かも……,0.0,1.0,0.0,0.0,0.0,1.0,1.0,0.0,inf
複雑でした,0.0,1.0,0.0,0.0,0.0,1.0,1.0,0.0,inf
著作である,1.0,0.0,0.0,0.0,0.0,1.0,1.0,0.0,inf
行為にも,1.0,0.0,0.0,0.0,0.0,1.0,1.0,0.0,inf
かわからない,1.0,0.0,0.0,0.0,0.0,1.0,1.0,0.0,inf
か分からない,1.0,0.0,0.0,0.0,0.0,1.0,1.0,0.0,inf
薄いのだ,0.0,1.0,0.0,0.0,0.0,1.0,1.0,0.0,inf
があるからだ,1.0,0.0,0.0,0.0,0.0,1.0,1.0,0.0,inf
著者は説く,0.0,1.0,0.0,0.0,0.0,1.0,1.0,0.0,inf
があるなぁ,1.0,0.0,0.0,0.0,0.0,1.0,1.0,0.0,inf
があれば,0.0,1.0,0.0,0.0,0.0,1.0,1.0,0.0,inf
著者は言う,1.0,0.0,0.0,0.0,0.0,1.0,1.0,0.0,inf
著者の肩書き,1.0,0.0,0.0,0.0,0.0,1.0,1.0,0.0,inf
聞こえます,0.0,1.0,0.0,0.0,0.0,1.0,1.0,0.0,inf
が多かった,1.0,0.0,0.0,0.0,0.0,1.0,1.0,0.0,inf
が多すぎる,1.0,0.0,0.0,0.0,0.0,1.0,1.0,0.0,inf
ことがくやしい,1.0,0.0,0.0,0.0,0.0,1.0,1.0,0.0,inf
きそうで,1.0,0.0,0.0,0.0,0.0,1.0,1.0,0.0,inf
等について」,1.0,0.0,0.0,0.0,0.0,1.0,1.0,0.0,inf
筈である,1.0,0.0,0.0,0.0,0.0,1.0,1.0,0.0,inf
くうはずです,1.0,0.0,0.0,0.0,0.0,1.0,1.0,0.0,inf
章くらいまで,1.0,0.0,0.0,0.0,0.0,1.0,1.0,0.0,inf
立ち読みした,1.0,0.0,0.0,0.0,0.0,1.0,1.0,0.0,inf
空しいばかりだ,0.0,1.0,0.0,0.0,0.0,1.0,1.0,0.0,inf
げんなり,1.0,0.0,0.0,0.0,0.0,1.0,1.0,0.0,inf
稚拙です,1.0,0.0,0.0,0.0,0.0,1.0,1.0,0.0,inf
確かめて欲しい,0.0,1.0,0.0,0.0,0.0,1.0,1.0,0.0,inf
知らないらしい,2.0,0.0,0.0,0.0,0.0,2.0,2.0,0.0,inf
が見出せない,0.0,1.0,0.0,0.0,0.0,1.0,1.0,0.0,inf
ことがない,1.0,0.0,0.0,0.0,0.0,1.0,1.0,0.0,inf
ことが分かる,1.0,0.0,0.0,0.0,0.0,1.0,1.0,0.0,inf
ことが問題,1.0,0.0,0.0,0.0,0.0,1.0,1.0,0.0,inf
ことが多い,1.0,0.0,1.0,0.0,0.0,2.0,1.0,0.0,inf
ことが悔しい,1.0,0.0,0.0,0.0,0.0,1.0,1.0,0.0,inf
目標だろう,1.0,0.0,0.0,0.0,0.0,1.0,1.0,0.0,inf
的な内容,0.0,1.0,0.0,0.0,0.0,1.0,1.0,0.0,inf
的でない,1.0,1.0,0.0,0.0,0.0,2.0,2.0,0.0,inf
的かつ一方的,1.0,0.0,0.0,0.0,0.0,1.0,1.0,0.0,inf
疑問に感じる,1.0,0.0,0.0,0.0,0.0,1.0,1.0,0.0,inf
が読んでる,1.0,0.0,0.0,0.0,0.0,1.0,1.0,0.0,inf
箇所がある,1.0,0.0,0.0,0.0,0.0,1.0,1.0,0.0,inf
が大きいです,1.0,0.0,0.0,0.0,0.0,1.0,1.0,0.0,inf
納得できます,0.0,1.0,0.0,0.0,0.0,1.0,1.0,0.0,inf
聞かされた,0.0,1.0,0.0,0.0,0.0,1.0,1.0,0.0,inf
が好きらしい,1.0,0.0,0.0,0.0,0.0,1.0,1.0,0.0,inf
が存在する,1.0,0.0,0.0,0.0,0.0,1.0,1.0,0.0,inf
が実感です,1.0,0.0,0.0,0.0,0.0,1.0,1.0,0.0,inf
続けている,0.0,1.0,0.0,0.0,0.0,1.0,1.0,0.0,inf
が延々と続く,1.0,0.0,0.0,0.0,0.0,1.0,1.0,0.0,inf
絶望します,1.0,0.0,0.0,0.0,0.0,1.0,1.0,0.0,inf
絵になる,1.0,0.0,0.0,0.0,0.0,1.0,1.0,0.0,inf
が怖いです,0.0,1.0,0.0,0.0,0.0,1.0,1.0,0.0,inf
結果星一つ,1.0,0.0,0.0,0.0,0.0,1.0,1.0,0.0,inf
が懸命です,1.0,0.0,0.0,0.0,0.0,1.0,1.0,0.0,inf
が見えた,1.0,0.0,0.0,0.0,0.0,1.0,1.0,0.0,inf
が挙げられる,1.0,0.0,0.0,0.0,0.0,1.0,1.0,0.0,inf
粗雑,1.0,0.0,0.0,0.0,0.0,1.0,1.0,0.0,inf
が本当に不思議,2.0,0.0,0.0,0.0,0.0,2.0,2.0,0.0,inf
が極めて乏しい,1.0,0.0,0.0,0.0,0.0,1.0,1.0,0.0,inf
が残らない,0.0,1.0,0.0,0.0,0.0,1.0,1.0,0.0,inf
が残念です,1.0,0.0,0.0,0.0,0.0,1.0,1.0,0.0,inf
粗末な内容,1.0,0.0,0.0,0.0,0.0,1.0,1.0,0.0,inf
粗な出来,0.0,1.0,0.0,0.0,0.0,1.0,1.0,0.0,inf
が知れない,1.0,0.0,0.0,0.0,0.0,1.0,1.0,0.0,inf
が薄かった,1.0,0.0,0.0,0.0,0.0,1.0,1.0,0.0,inf
お目出度い,1.0,0.0,0.0,0.0,0.0,1.0,1.0,0.0,inf
言いません,1.0,0.0,0.0,0.0,0.0,1.0,1.0,0.0,inf
お奨めできない,0.0,1.0,0.0,0.0,0.0,1.0,1.0,0.0,inf
あると思える,1.0,0.0,0.0,0.0,0.0,1.0,1.0,0.0,inf
集である,0.0,1.0,0.0,0.0,0.0,1.0,1.0,0.0,inf
関連は薄い,1.0,0.0,0.0,0.0,0.0,1.0,1.0,0.0,inf
閉じました,1.0,0.0,0.0,0.0,0.0,1.0,1.0,0.0,inf
部類だった,0.0,1.0,0.0,0.0,0.0,1.0,1.0,0.0,inf
部分が多い,1.0,0.0,0.0,0.0,0.0,1.0,1.0,0.0,inf
あり主観的見解,1.0,0.0,0.0,0.0,0.0,1.0,1.0,0.0,inf
過ぎだろう,0.0,1.0,0.0,0.0,0.0,1.0,1.0,0.0,inf
あるといえる,0.0,2.0,0.0,0.0,0.0,2.0,2.0,0.0,inf
あるとプラス,0.0,1.0,0.0,0.0,0.0,1.0,1.0,0.0,inf
遅れがある,1.0,0.0,0.0,0.0,0.0,1.0,1.0,0.0,inf
あるのか,0.0,1.0,1.0,0.0,0.0,2.0,1.0,0.0,inf
あまりよくない,0.0,1.0,0.0,0.0,0.0,1.0,1.0,0.0,inf
逃げ」です,1.0,0.0,0.0,0.0,0.0,1.0,1.0,0.0,inf
あるまじき態度,0.0,1.0,0.0,0.0,0.0,1.0,1.0,0.0,inf
賢いよ！,1.0,0.0,0.0,0.0,0.0,1.0,1.0,0.0,inf
買ったバカ,1.0,0.0,0.0,0.0,0.0,1.0,1.0,0.0,inf
買うだけ無駄,1.0,0.0,0.0,0.0,0.0,1.0,1.0,0.0,inf
いいでしょう,1.0,0.0,0.0,0.0,0.0,1.0,1.0,0.0,inf
いいと思う,1.0,0.0,0.0,0.0,0.0,1.0,1.0,0.0,inf
いいの？〜,1.0,0.0,0.0,0.0,0.0,1.0,1.0,0.0,inf
買い物でした,1.0,0.0,0.0,0.0,0.0,1.0,1.0,0.0,inf
いい本です,0.0,1.0,0.0,0.0,0.0,1.0,1.0,0.0,inf
雑学的,0.0,1.0,0.0,0.0,0.0,1.0,1.0,0.0,inf
雑談集,1.0,0.0,0.0,0.0,0.0,1.0,1.0,0.0,inf
いえる．〜,1.0,0.0,0.0,0.0,0.0,1.0,1.0,0.0,inf
☆ひとつです,1.0,0.0,0.0,0.0,0.0,1.0,1.0,0.0,inf
４〜５,1.0,0.0,0.0,0.0,0.0,1.0,1.0,0.0,inf
２章以降,1.0,0.0,0.0,0.0,0.0,1.0,1.0,0.0,inf
．．．,1.0,0.0,0.0,0.0,0.0,1.0,1.0,0.0,inf
