,0,1
100億稼ぐ仕事術 ,0.0,2.0
13歳のハローワーク,6.0,5.0
7つの習慣-成功には原則があった!,0.0,3.0
99・9%は仮説 思いこみで判断しないための考え方 ,4.0,4.0
HUNTER X HUNTER21 ,0.0,2.0
LIFE SHIFT,3.0,0.0
TVクイズ番組攻略マニュアル〈2〉,4.0,0.0
「原因」と「結果」の法則,3.0,0.0
「社会調査」のウソ―リサーチ・リテラシーのすすめ ,0.0,4.0
「自分」の壁 ,4.0,0.0
「頭がよい」って何だろう―名作パズル、ひらめきクイズで探る ,0.0,3.0
からだを読む ,3.0,0.0
きたきた うずまき ,4.0,0.0
こころ ,0.0,3.0
ごんぎつね ,6.0,0.0
しろくまちゃんのほっとけーき ,4.0,0.0
そらまめくんのベッド ,4.0,0.0
なぜか相手が説得されてしまう対話術―「話させ上手」は人の心をつかむのがうまい,0.0,2.0
ねじまき鳥クロニクル〈第1部〉泥棒かささぎ編 ,3.0,0.0
はしれ、きたかぜ号 ,4.0,0.0
アメリカ居すわり一人旅 ,0.0,2.0
イデーン―純粋現象学と現象学的哲学のための諸構想 ,0.0,2.0
ウェブ進化論 本当の大変化はこれから始まる ,4.0,3.0
オオカミのごちそう,4.0,0.0
オバケの英語,0.0,2.0
キャッチャー・イン・ザ・ライ,0.0,3.0
スイス人銀行家の教え―お金と幸せの知恵を学ぶ12のレッスン,0.0,3.0
タイタニックは沈められた,0.0,2.0
ツイてる！ ,0.0,2.0
デミアン ,0.0,3.0
ノルウェイの森 上 ,3.0,4.0
ノルウェイの森 下 ,4.0,0.0
バカの壁 ,176.0,99.0
バキ特別編saga ,0.0,2.0
ビジネスの極意は、インドの露天商に学べ! ,0.0,2.0
ビーンズ!,3.0,0.0
プチ哲学 ,4.0,0.0
プリンシプルのない日本 ,3.0,0.0
マンガ嫌韓流,4.0,3.0
ヤクザに学ぶ交渉術 ,0.0,2.0
ユダヤ人大富豪の教え,3.0,0.0
リラックマ生活―だらだらまいにちのススメ,3.0,0.0
ルポ 貧困大国アメリカ ,0.0,3.0
下流社会 新たな階層集団の出現 ,5.0,0.0
世界の中心で、愛をさけぶ,4.0,3.0
人は見た目が9割 ,5.0,3.0
人を動かす新装版,4.0,0.0
介入?―人間の権利と国家の論理,0.0,2.0
働くことがイヤな人のための本―仕事とは何だろうか,0.0,2.0
加速成功―願望を短期間で達成する魔術,0.0,2.0
医者が教える食事術 最強の教科書――20万人を診てわかった医学的に正しい食べ方68,0.0,2.0
博士の愛した数式,4.0,0.0
吸血鬼のおしごと―The Style of Vampires ,0.0,2.0
哲学入門 ,0.0,2.0
唯脳論 ,4.0,0.0
国家の品格 ,0.0,3.0
大人のスピード読書法―時間がない人の53の具体例,5.0,0.0
嫌われる勇気―――自己啓発の源流「アドラー」の教え,3.0,0.0
心にエンジンがかかる50の小さな習慣,4.0,0.0
思考の整理学 ,0.0,2.0
成功はゴミ箱の中に レイ・クロック自伝―世界一、億万長者を生んだ男 マクドナルド創業者 ,0.0,2.0
成功者の告白 5年間の起業ノウハウを3時間で学べる物語,0.0,2.0
文庫版 姑獲鳥の夏 ,4.0,0.0
新ゴーマニズム宣言SPECIAL 戦争論〈3〉,0.0,4.0
新版 悪魔の飽食―日本細菌戦部隊の恐怖の実像! ,3.0,0.0
武士道 ,0.0,3.0
死の壁 ,4.0,0.0
海辺のカフカ (下) ,3.0,0.0
王様の速読術,3.0,0.0
王道の日本、覇道の中国、火道の米国,3.0,0.0
知って役立つキリスト教大研究 ,0.0,2.0
神との対話 普及版〈4〉世界的な真実について,3.0,0.0
秘密 ,3.0,0.0
英文法を撫でる ,4.0,0.0
英語は「論理」 ,0.0,2.0
街道をゆく〈35〉オランダ紀行 ,0.0,2.0
西の魔女が死んだ ,0.0,2.0
記憶力を強くする―最新脳科学が語る記憶のしくみと鍛え方 ,4.0,0.0
読書力 ,3.0,6.0
論理思考力を鍛える本―問題演習,0.0,2.0
超バカの壁 (新潮新書 (149)),6.0,0.0
逆説の日本史5 中世動乱編: 源氏勝利の奇蹟の謎,0.0,3.0
金持ち父さん貧乏父さん,5.0,3.0
陰日向に咲く,4.0,0.0
面白いほど成功するツキの大原則―ツイてツイてツキまくる頭の使い方教えます,0.0,2.0
頭がいい人、悪い人の<言い訳>術 ,5.0,0.0
頭がいい人、悪い人の話し方 ,14.0,0.0
風の歌を聴け ,0.0,3.0
食品の裏側―みんな大好きな食品添加物,0.0,3.0
養老孟司の“逆さメガネ” ,3.0,0.0
